{
  "version": "1.0",
  "objects": [
    {
      "type": "gltf",
      "name": "imported_0",
      "position": [
        0,
        1,
        0
      ],
      "rotation": [
        0,
        0,
        0
      ],
      "scaling": [
        1,
        1,
        -1
      ],
      "modelPath": "/models/stage.glb",
      "modelName": "stage.glb"
    },
    {
      "type": "light",
      "lightType": "hemispheric",
      "name": "hemisphericLight",
      "intensity": 0,
      "diffuse": [
        0.5,
        0.5,
        0.6
      ],
      "specular": [
        0.1,
        0.1,
        0.15
      ],
      "groundColor": [
        0.1,
        0.1,
        0.1
      ],
      "direction": [
        0,
        1,
        0
      ],
      "range": 1.7976931348623157e+308
    },
    {
      "type": "light",
      "lightType": "point",
      "name": "PointLight_0",
      "intensity": 5.773331705729166,
      "diffuse": [
        0.82474547641003,
        0.5145268443500736,
        0.2978963155229972
      ],
      "specular": [
        1,
        1,
        1
      ],
      "position": [
        0,
        3.788748264312744,
        0
      ],
      "range": 1.7976931348623157e+308
    }
  ],
  "postProcessing": {
    "fxaaEnabled": false,
    "bloomEnabled": true,
    "bloomThreshold": 0,
    "bloomWeight": 0.2839285714285714,
    "bloomScale": 0.4928571428571429,
    "contrast": 1.0030358450753347,
    "exposure": 1.094642857142857,
    "vignetteEnabled": true,
    "vignetteWeight": 0.7114292689732142,
    "chromaticAberrationEnabled": false,
    "chromaticAberrationAmount": 9.750017438616071,
    "grainEnabled": true,
    "grainIntensity": 9.857134137834823,
    "grainAnimated": true,
    "sharpenEnabled": true,
    "sharpenEdgeAmount": 0.5314287458147321,
    "sharpenColorAmount": 1
  }
}