{
  "version": "1.0",
  "objects": [
    {
      "type": "mesh",
      "meshType": "box",
      "name": "Box_0",
      "position": [
        0,
        11.871456146240234,
        0
      ],
      "rotation": [
        0,
        0,
        0
      ],
      "scaling": [
        0.6475170850753784,
        0.6475170850753784,
        0.6475170850753784
      ],
      "material": {
        "diffuseColor": [
          0.7606685255256722,
          0.964038885095856,
          0.31444062340008117
        ],
        "specularColor": [
          1,
          1,
          1
        ],
        "emissiveColor": [
          1,
          0.6435193544976803,
          0.3792021120098221
        ]
      }
    },
    {
      "type": "gltf",
      "name": "imported_0",
      "position": [
        0,
        1,
        0
      ],
      "rotation": [
        -1.3619742809424706e-38,
        3.141592653589793,
        3.141592653589793
      ],
      "scaling": [
        3.1735992431640625,
        -3.1735992431640625,
        3.1735992431640625
      ],
      "modelPath": "/models/stage.glb",
      "modelName": "stage.glb"
    },
    {
      "type": "light",
      "lightType": "hemispheric",
      "name": "hemisphericLight",
      "intensity": 0,
      "diffuse": [
        0.5,
        0.5,
        0.6
      ],
      "specular": [
        0.1,
        0.1,
        0.15
      ],
      "groundColor": [
        0.1,
        0.1,
        0.1
      ],
      "direction": [
        0,
        1,
        0
      ],
      "range": 1.7976931348623157e+308
    },
    {
      "type": "light",
      "lightType": "point",
      "name": "pointLight",
      "intensity": 10,
      "diffuse": [
        1,
        0.5109592329351287,
        0.2466195905373445
      ],
      "specular": [
        0.5,
        0.35,
        0.2
      ],
      "position": [
        -0.061754897236824036,
        7.483640193939209,
        0.12313275039196014
      ],
      "range": 15
    }
  ],
  "postProcessing": {
    "fxaaEnabled": true,
    "bloomEnabled": true,
    "bloomThreshold": 0,
    "bloomWeight": 0.2839285714285714,
    "bloomScale": 0.4928571428571429,
    "contrast": 1.0030358450753347,
    "exposure": 1.094642857142857,
    "vignetteEnabled": true,
    "vignetteWeight": 0.7114292689732142,
    "chromaticAberrationEnabled": false,
    "chromaticAberrationAmount": 9.750017438616071,
    "grainEnabled": true,
    "grainIntensity": 9.857134137834823,
    "grainAnimated": true,
    "sharpenEnabled": true,
    "sharpenEdgeAmount": 0.5314287458147321,
    "sharpenColorAmount": 1
  }
}